SITE_NAME,SITE_ID,PROGRAM_NAME,BASE_EVENT_ID,TYPE,PUBLIC_REG_OPEN_DATE
"  NYC SOCCER COLLECTIVE",36,"WINTER POLAR BEAR 2016 *  7v7 * Tues/Thurs COED",73277,LEAGUE,"2015-11-17 00:00:00"
"  NYC SOCCER COLLECTIVE",36,"WINTER POLAR BEAR 2016 *  7v7 * Tues/Thurs MENS",73279,LEAGUE,"2015-11-17 00:00:00"
"Aledo Athletics",9224,"00 Coach Honkball ",73424,LEAGUE,"2015-11-20 00:00:00"
"Aledo Athletics",9224,"06U Coach Teeball - Boys",73422,LEAGUE,"2015-11-20 00:00:00"
"Aledo Athletics",9224,"06U Coach Teeball - Girls",73423,LEAGUE,"2015-11-20 00:00:00"
"Aledo Athletics",9224,"08U Coach Pinto - Boys",73425,LEAGUE,"2015-11-20 00:00:00"
"Aledo Athletics",9224,"08U Coach Pinto - Girls",73426,LEAGUE,"2015-11-20 00:00:00"
"Aledo Athletics",9224,"10U Coach Mustang - Boys",73427,LEAGUE,"2015-11-20 00:00:00"
"Aledo Athletics",9224,"10U Coach Mustang - Girls",73428,LEAGUE,"2015-11-20 00:00:00"
"Aledo Athletics",9224,"12U Coach Bronco - Boys",73336,LEAGUE,"2015-11-20 00:00:00"
"Aledo Athletics",9224,"12U Coach Bronco - Girls",73421,LEAGUE,"2015-11-20 00:00:00"
"Aledo Athletics",9224,"14U Coach Pony - Boys",73429,LEAGUE,"2015-11-20 00:00:00"
"Aledo Athletics",9224,"14U Coach Pony - Girls",73431,LEAGUE,"2015-11-20 00:00:00"
"Aledo Athletics",9224,"Bronco Coach",73140,LEAGUE,"2015-11-20 00:00:00"
"Aledo Athletics",9224,"Bronco Coach",73144,LEAGUE,"2015-11-20 00:00:00"
"Aledo Athletics",9224,"Honkball Coach",72724,LEAGUE,"2015-11-20 00:00:00"
"Aledo Athletics",9224,"Mustang Coach",73145,LEAGUE,"2015-11-20 00:00:00"
"Aledo Athletics",9224,"Mustang Coach",73139,LEAGUE,"2015-11-20 00:00:00"
"Aledo Athletics",9224,"Pinto Coach",73138,LEAGUE,"2015-11-20 00:00:00"
"Aledo Athletics",9224,"Pinto Coach",73146,LEAGUE,"2015-11-20 00:00:00"
"Aledo Athletics",9224,"Pony Coach",73141,LEAGUE,"2015-11-20 00:00:00"
"Aledo Athletics",9224,"Pony Coach",73143,LEAGUE,"2015-11-20 00:00:00"
"Aledo Athletics",9224,"Teeball Coach",73137,LEAGUE,"2015-11-20 00:00:00"
"Aledo Athletics",9224,"Teeball Coach",73147,LEAGUE,"2015-11-20 00:00:00"
"Aledo Athletics",9224,Umpire,73464,LEAGUE,"2015-11-20 00:00:00"
"Austin Women's Basketball League",3881,"UT vs. Stanford Women's Basketball Game - 12/13",73305,EVENT,"2015-11-20 00:00:00"
"Austin Youth Basketball",4442,"Thanksgiving Basketball Camp 2015 - Ages 13 -18",73853,CAMP,"2015-11-17 00:00:00"
"Austin Youth Basketball",4442,"Thanksgiving Basketball Camp Ages 8 -12",73851,CAMP,"2015-11-22 00:00:00"
"Autism Spectrum Athletics",5166,"ASA Basketball",72389,LEAGUE,"2015-11-22 00:00:00"
"Autism Spectrum Athletics",5166,"ASA Bowling",55554,LEAGUE,"2015-11-22 00:00:00"
"Baltimore Adult Soccer League",2033,"Baltimore Spring 2016 Outdoor Coed - Div 1 (Competitive) Utz",74768,LEAGUE,"2015-12-02 00:00:00"
"Baltimore Adult Soccer League",2033,"Baltimore Spring 2016 Outdoor Coed - Div 2 (Mixed Skills)  Utz Field                 Banner Field",74771,LEAGUE,"2015-12-02 00:00:00"
"Baltimore Adult Soccer League",2033,"Baltimore Spring 2016 Outdoor Coed - Div 2 (Mixed Skills) Banner Field",74770,LEAGUE,"2015-12-02 00:00:00"
"Baltimore Adult Soccer League",2033,"Spring 2016 Outdoor Coed - Div 1/Div2 @ Banner Field",74769,LEAGUE,"2015-12-02 00:00:00"
"Bay Area Disc Association",2502,"Dark Meat - Alameda Ultimate Program",74088,CLUBTEAM,"2015-11-25 00:00:00"
"Bay Area Disc Association",2502,"Eric Arons SF Recreation League - Winter 2015/16",73661,LEAGUE,"2015-11-20 00:00:00"
"Bay Area Disc Association",2502,"Girls Program: Nightlock Clinic",74155,CAMP,"2015-11-23 00:00:00"
"Bay Area Disc Association",2502,"Junior Meat - Alameda Ultimate Program",73803,CLUBTEAM,"2015-11-25 00:00:00"
"Bay Area Disc Association",2502,"Sandy Sombrero 2016",73148,TOURNAMENT,"2015-11-16 00:00:00"
"Bay Area Disc Association",2502,"Silicon Valley Corporate League",73168,LEAGUE,"2015-11-23 00:00:00"
"Big Sun Adult Soccer League",4489,"2016 6v6 Winter Soccer Fix Tournament",73119,TOURNAMENT,"2015-12-07 00:00:00"
"Broken Arrow Volleyball Club",8492,"BAVC Spring League - Includes Uniform",73327,LEAGUE,"2015-11-21 00:00:00"
"Camden Wyoming Little League",9124," Senior Baseball",73337,LEAGUE,"2015-11-18 00:00:00"
"Camden Wyoming Little League",9124,"AA Baseball",71696,LEAGUE,"2015-11-18 00:00:00"
"Camden Wyoming Little League",9124,"AAA (10 year olds)",71697,LEAGUE,"2015-11-18 00:00:00"
"Camden Wyoming Little League",9124,"AAA (11 year olds)",71698,LEAGUE,"2015-11-18 00:00:00"
"Camden Wyoming Little League",9124,"Big League Baseball",73460,LEAGUE,"2015-11-18 00:00:00"
"Camden Wyoming Little League",9124,"Majors Baseball",71699,LEAGUE,"2015-11-19 00:00:00"
"Camden Wyoming Little League",9124,Peewee,71695,LEAGUE,"2015-11-18 00:00:00"
"Camden Wyoming Little League",9124,Tball,71336,LEAGUE,"2015-11-18 00:00:00"
"Capital Affiliate League",2980,"2016 Winter Novice Division",73842,LEAGUE,"2015-11-22 00:00:00"
"Capital Affiliate League",2980,"2016 Winter Open Division",73844,LEAGUE,"2015-11-22 00:00:00"
"Capital Affiliate League",2980,"2016 Winter Upper Division",73843,LEAGUE,"2015-11-22 00:00:00"
"Capital City Volleyball ",3799,"A - Winter 2016",73432,LEAGUE,"2015-11-22 00:00:00"
"Capital City Volleyball ",3799,"B1 - Winter 2016",73433,LEAGUE,"2015-11-22 00:00:00"
"Capital City Volleyball ",3799,"B2 - Winter 2015",73434,LEAGUE,"2015-11-22 00:00:00"
"Capital City Volleyball ",3799,"B2 - Winter 2016",73542,LEAGUE,"2015-11-22 00:00:00"
"Capital City Volleyball ",3799,"C - Winter 2015",73436,LEAGUE,"2015-11-22 00:00:00"
"Capital City Volleyball ",3799,"C - Winter 2016",73543,LEAGUE,"2015-11-22 00:00:00"
"CenTex Pee Wee Football",4520,"2016: 10U Flag Football ",73073,LEAGUE,"2015-12-01 00:00:00"
"CenTex Pee Wee Football",4520,"2016: 10U Tackle Football ",73074,LEAGUE,"2015-12-01 00:00:00"
"CenTex Pee Wee Football",4520,"2016: 12U Tackle Football ",73076,LEAGUE,"2015-12-01 00:00:00"
"CenTex Pee Wee Football",4520,"2016: 6U Flag Football ",73071,LEAGUE,"2015-12-01 00:00:00"
"CenTex Pee Wee Football",4520,"2016: 8U Flag Football ",73072,LEAGUE,"2015-11-16 00:00:00"
"CenTex Pee Wee Football",4520,"2016: Cheerleading",73077,LEAGUE,"2015-12-01 00:00:00"
"Charlotte Women's Soccer League",5384,"cwsl-Classic Gold 2015 Winter 2",74793,LEAGUE,"2015-12-02 00:00:00"
"City Stars Lacrosse",5735,"Boys Summer 2016 JV and Varsity   ",73942,EVENT,"2015-11-23 00:00:00"
"City Stars Lacrosse",5735,"Boys Summer 2016 JV and Varsity- Black Friday to Cyber Monday November 27 to December 1, 2015.",74409,EVENT,"2015-11-27 00:00:00"
"Cliffside Park Fairview Little League",9016,"10U Travel",68669,LEAGUE,"2015-12-01 00:00:00"
"Cliffside Park Fairview Little League",9016,"10U Travel",68670,LEAGUE,"2015-12-01 00:00:00"
"Cliffside Park Fairview Little League",9016,"12U Travel",68671,LEAGUE,"2015-12-01 00:00:00"
"Cliffside Park Fairview Little League",9016,"12U Travel",68672,LEAGUE,"2015-12-01 00:00:00"
"Cliffside Park Fairview Little League",9016,"14U Travel",68675,LEAGUE,"2015-12-01 00:00:00"
"Cliffside Park Fairview Little League",9016,"Big League",68662,LEAGUE,"2015-12-01 00:00:00"
"Cliffside Park Fairview Little League",9016,"Big League",68663,LEAGUE,"2015-12-01 00:00:00"
"Cliffside Park Fairview Little League",9016,"Coach Pitch",68653,LEAGUE,"2015-12-01 00:00:00"
"Cliffside Park Fairview Little League",9016,Farm,68657,LEAGUE,"2015-12-01 00:00:00"
"Cliffside Park Fairview Little League",9016,Juniors,68660,LEAGUE,"2015-12-01 00:00:00"
"Cliffside Park Fairview Little League",9016,Majors,68659,LEAGUE,"2015-12-01 00:00:00"
"Cliffside Park Fairview Little League",9016,Minors,68658,LEAGUE,"2015-12-01 00:00:00"
"Cliffside Park Fairview Little League",9016,Seniors,68661,LEAGUE,"2015-12-01 00:00:00"
"Cliffside Park Fairview Little League",9016,"Softball 10U",68666,LEAGUE,"2015-12-01 00:00:00"
"Cliffside Park Fairview Little League",9016,"Softball 12U",68667,LEAGUE,"2015-12-01 00:00:00"
"Cliffside Park Fairview Little League",9016,"Softball 14U",68668,LEAGUE,"2015-12-01 00:00:00"
"Cliffside Park Fairview Little League",9016,"Softball Clinic",68952,LEAGUE,"2015-12-01 00:00:00"
"Cliffside Park Fairview Little League",9016,Tball,68648,LEAGUE,"2015-12-01 00:00:00"
"Coatesville Youth Lacrosse",9052,"3-4th grade Girls Spring",74963,LEAGUE,"2015-11-19 00:00:00"
"Coatesville Youth Lacrosse",9052,"5-6th grade Girls Spring",74965,LEAGUE,"2015-11-19 00:00:00"
"Coatesville Youth Lacrosse",9052,"7-8th grade Girls Spring",74967,LEAGUE,"2015-11-19 00:00:00"
"Coatesville Youth Lacrosse",9052,"K-2 Girls Spring",73540,LEAGUE,"2015-11-19 00:00:00"
"Connect Sports London",6571,"Men's REC Ball Hockey (Winter 2016)",74634,LEAGUE,"2015-11-28 00:00:00"
"Conshy Sport & Social Club",2914,"2016 Winter Cornhole",74186,LEAGUE,"2015-11-24 00:00:00"
"Conshy Sport & Social Club",2914,"2016 Winter Shuffleboard",74189,LEAGUE,"2015-11-24 00:00:00"
"Coopersville Recreation ",8239,"1st/2nd Grade Basketball",73468,LEAGUE,"2015-11-23 00:00:00"
"Coopersville Recreation ",8239,"3rd/4th Grade Basketball",73533,LEAGUE,"2015-11-23 00:00:00"
"Coopersville Recreation ",8239,"5th/6th Grade Basketball",73535,LEAGUE,"2015-11-23 00:00:00"
"Crease Coach",6415,"Crease Coach - Youth & Girls - Murrieta - 12/20",71592,EVENT,"2015-11-27 00:00:00"
"DFC Metro/Rec",6775,"Upward Youth Basketball",74267,LEAGUE,"2015-11-24 00:00:00"
"Digs Beach Volleyball",3905,"Happy Volleydays",74934,TOURNAMENT,"2015-12-04 00:00:00"
"East Bay Athletics",4881,"Social Membership Pre Sale",74870,EVENT,"2015-12-01 00:00:00"
"East End Elite",6144,"2016 Winter Indoor Clinics",71232,EVENT,"2015-11-16 00:00:00"
"East Valley Girls Softball",4380,"2016 Spring A. 14u/16u Girls Softball (DOB: 1-1-99 thru 12-31-02)",74672,LEAGUE,"2015-11-23 00:00:00"
"East Valley Girls Softball",4380,"2016 Spring A. 14u/16u Girls Softball (DOB: 1-1-99 thru 12-31-02)",74160,LEAGUE,"2015-11-23 00:00:00"
"East Valley Girls Softball",4380,"2016 Spring B. 12u Girls Softball (DOB: 1-1-03 thru 12-31-04)",74161,LEAGUE,"2015-11-23 00:00:00"
"East Valley Girls Softball",4380,"2016 Spring C. 10u Girls Softball (DOB: 1-1-05 thru 12-31-06)",74162,LEAGUE,"2015-11-23 00:00:00"
"East Valley Girls Softball",4380,"2016 Spring D. 8u Girls Softball (DOB: 1-1-07 thru 12-31-08)",74163,LEAGUE,"2015-11-23 00:00:00"
"East Valley Girls Softball",4380,"2016 Spring E. 6u Girls Softball (DOB: 1-1-09 Thru 12-31-10)",74164,LEAGUE,"2015-11-23 00:00:00"
"Easton Recreation Basketball",8663,"High School Rec Basketball",74023,LEAGUE,"2015-11-24 00:00:00"
"Easton Recreation Basketball",8663,"Muscato 2015 Holiday Tournament",73465,TOURNAMENT,"2015-11-19 00:00:00"
"Edge Lacrosse",8177,"EDGE Lacrosse Sniper School - Oakville - Session 1",73557,EVENT,"2015-11-19 00:00:00"
"Edge Lacrosse",8177,"EDGE Lacrosse Sniper School - Oakville - Session 2",73566,EVENT,"2015-11-19 00:00:00"
"Edge Lacrosse",8177,"EDGE Lacrosse Sniper School - Pickering Soccer Complex Session 1",74411,EVENT,"2015-11-19 00:00:00"
"Edge Lacrosse",8177,"EDGE Lacrosse Sniper School - Pickering Soccer Complex Session 2",74504,EVENT,"2015-11-19 00:00:00"
"Edge Lacrosse",8177,"Elite 12 Women's Lacrosse Camp",74518,EVENT,"2015-11-30 00:00:00"
"Edge Lacrosse",8177,"Lacrosse Winter Classic",74517,EVENT,"2015-11-30 00:00:00"
"Edge Lacrosse W",9090,"Elite 12 Women's Lacrosse Camp Session 1",74697,EVENT,"2015-12-01 00:00:00"
"Edge Lacrosse W",9090,"Elite 12 Women's Lacrosse Camp Session 1",74520,EVENT,"2015-11-30 00:00:00"
"Edge Lacrosse W",9090,"Elite 12 Women's Lacrosse Camp Session 2",74698,EVENT,"2015-12-01 00:00:00"
"Edge Lacrosse W",9090,"Elite 12 Women's Lacrosse Camp Session 2",74527,EVENT,"2015-11-30 00:00:00"
"Edge Lacrosse W",9090,"Elite 12 Women's Lacrosse Camp Session 3",74699,EVENT,"2015-12-01 00:00:00"
"Edge Lacrosse W",9090,"Elite 12 Women's Lacrosse Camp Session 3",74528,EVENT,"2015-11-30 00:00:00"
"Edge Lacrosse W",9090,"Elite 12 Women's Lacrosse Camp Session 4",74700,EVENT,"2015-12-01 00:00:00"
"Edge Lacrosse W",9090,"Elite 12 Women's Lacrosse Camp Session 4",74529,EVENT,"2015-11-30 00:00:00"
"Edge Lacrosse W",9090,"Test Session 1 9-10am",74690,EVENT,"2015-12-01 00:00:00"
"Edge Lacrosse W",9090,"Women's Edge Christmas Combo Lacrosse Camps",74694,EVENT,"2015-12-01 00:00:00"
"Edge Lacrosse W",9090,"Women's Lacrosse Classic Session 1",74519,EVENT,"2015-11-30 00:00:00"
"Edge Lacrosse W",9090,"Women's Lacrosse Classic Session 2",74531,EVENT,"2015-11-30 00:00:00"
"Edge Lacrosse W",9090,"Women's Winter Lacrosse Classic Session 1",74695,EVENT,"2015-12-01 00:00:00"
"Edge Lacrosse W",9090,"Women's Winter Lacrosse Classic Session 2",74696,EVENT,"2015-12-01 00:00:00"
"Ewing Little League",6576,"Ewing Little League (League Ages 4-6) Tee Ball",74616,LEAGUE,"2015-12-03 00:00:00"
"Ewing Little League",6576,"Ewing Little League (League Ages 5*-7) Coach Pitch",74615,LEAGUE,"2015-12-03 00:00:00"
"Ewing Little League",6576,"Ewing Little League (League Ages 7*-9) Minors ",74614,LEAGUE,"2015-12-03 00:00:00"
"Ewing Little League",6576,"Ewing Little League (League Ages 9*-12)  Majors ",74613,LEAGUE,"2015-12-03 00:00:00"
"Ewing Little League",6576,"Ewing Little League 50 / 70 (Ages 11-13)",74463,LEAGUE,"2015-12-03 00:00:00"
"Ewing Little League",6576,"Ewing Little League Majors (Ages 9*-12)",74612,LEAGUE,"2015-12-03 00:00:00"
"Extreme Dodgeball Hamilton",3371,"Season 20 - Women's Monday Night League ",74510,LEAGUE,"2015-11-30 00:00:00"
"Extreme Dodgeball Hamilton",3371,"Season 34 -  Wednesday Night League",74512,LEAGUE,"2015-11-30 00:00:00"
"FITS Sports",7845,"Boys Spring Beach Soccer League in Long Beach",74848,LEAGUE,"2015-12-02 00:00:00"
"FITS Sports",7845,"Boys Spring Beach Soccer League in Long Bhttps://svite-league-apps-static.s3.amazonaws.com/_i/daeach",74846,LEAGUE,"2015-12-02 00:00:00"
"FITS Sports",7845,"Girls Spring Beach Soccer League in Long Beach",74852,LEAGUE,"2015-12-02 00:00:00"
"Freetown Lakeville Womens Soccer",7396,"Spring 2016 Freetown Lakeville Womens Soccer",73282,LEAGUE,"2015-12-01 00:00:00"
"Game On VT",3483,"Game On Indoor HS Field Hockey League",74570,LEAGUE,"2015-11-30 00:00:00"
"Girls E3 Lacrosse",9092,"2016 Winter Clinics ",73103,EVENT,"2015-11-16 00:00:00"
"GOAL Baltimore",3202,"Outdoor Winter Football",73355,LEAGUE,"2015-11-18 00:00:00"
"GOAL Baltimore",3202,"Sushi Rolling",73360,EVENT,"2015-11-18 00:00:00"
"GOAL Baltimore",3202,"Winter Indoor Volleyball",74503,LEAGUE,"2015-11-30 00:00:00"
"Golden Goal Sports Complex",3409,"Sunday COED A/B League",28988,LEAGUE,"2015-11-16 00:00:00"
"Greater Baltimore Affiliate League",8399,"Greater Baltimore Affiliate League - Novice Division",72630,LEAGUE,"2015-11-20 00:00:00"
"Greater Baltimore Affiliate League",8399,"Greater Baltimore Affiliate League - Open Division",72628,LEAGUE,"2015-11-20 00:00:00"
"Greater Baltimore Affiliate League",8399,"Greater Baltimore Affiliate League - Upper Division",72631,LEAGUE,"2015-11-20 00:00:00"
"Grove Sports Club",8426,"The Chapman Partnership Kickball Open",73586,TOURNAMENT,"2015-11-17 00:00:00"
"Hamilton Jr. Chargers Baseball",6477,"2016 Jr. Chargers Baseball Tournament",61313,TOURNAMENT,"2015-12-01 00:00:00"
"Houston Gamblers Baseball Club",8756,"2016 Houston Gambler Uniform Package ",74425,CLUBTEAM,"2015-11-23 00:00:00"
"Houston Gamblers Baseball Club",8756,"2016 Spring Baseball League",74153,LEAGUE,"2015-11-23 00:00:00"
"Houston Gamblers Baseball Club",8756,"2016 Spring Baseball Tournaments (5) ",74154,TOURNAMENT,"2015-11-23 00:00:00"
"Houston Gamblers Baseball Club",8756,"Annual Houston Gamblers Club Membership",73832,CLUBTEAM,"2015-11-20 00:00:00"
"Houston Gamblers Baseball Club",8756,"Monthly Facility Fees",73783,CLUBTEAM,"2015-11-20 00:00:00"
"Houston Gamblers Baseball Club",8756,"stripe test. ",73550,CAMP,"2015-11-20 00:00:00"
HoustonMSLA,9193,"2016 Spring Softball Season",74004,LEAGUE,"2015-12-10 00:00:00"
"Jacksonville Scene",3248,"Basketball -Winter 2015 Men's Monday -Competitive",74958,LEAGUE,"2015-12-03 00:00:00"
"Jacksonville Scene",3248,"Basketball -Winter 2015 Men's Monday -Intermediate",74959,LEAGUE,"2015-12-03 00:00:00"
"Jacksonville Scene",3248,"Basketball -Winter 2015 Men's Monday -Recreational",74960,LEAGUE,"2015-12-03 00:00:00"
"Jacksonville Scene",3248,"Basketball -Winter 2015 Men's Thursday -Intermediate",74962,LEAGUE,"2015-12-03 00:00:00"
"Jacksonville Scene",3248,"Basketball -Winter 2015 Men's Thursday -Recreational",74961,LEAGUE,"2015-12-03 00:00:00"
"Jacksonville Scene",3248,"Coed Bowling -Winter 2016 Sundays",74966,LEAGUE,"2015-12-03 00:00:00"
"Jacksonville Scene",3248,"Coed Bowling -Winter 2016 Tuesdays",74969,LEAGUE,"2015-12-03 00:00:00"
"Jacksonville Scene",3248,"Indoor Volleyball 4v4 -Winter 2016 Thursday -Competitive",74955,LEAGUE,"2015-12-03 00:00:00"
"Jacksonville Scene",3248,"Indoor Volleyball 4v4 -Winter 2016 Thursday -Intermediate",74956,LEAGUE,"2015-12-03 00:00:00"
"Jacksonville Scene",3248,"Indoor Volleyball 4v4 -Winter 2016 Thursday -Recreational",74957,LEAGUE,"2015-12-03 00:00:00"
"Jacksonville Scene",3248,"Indoor Volleyball 4v4 -Winter 2016 Tuesday -Competitive",74952,LEAGUE,"2015-12-03 00:00:00"
"Jacksonville Scene",3248,"Indoor Volleyball 4v4 -Winter 2016 Tuesday -Intermediate",74953,LEAGUE,"2015-12-03 00:00:00"
"Jacksonville Scene",3248,"Indoor Volleyball 4v4 -Winter 2016 Tuesday -Recreational",74954,LEAGUE,"2015-12-03 00:00:00"
"Jacksonville Scene",3248,"Kickball -Winter 2016-Wednesdays",74970,LEAGUE,"2015-12-03 00:00:00"
"Jr Comet Sports",4319,"2016 Jr Comet Girls Basketball",74736,LEAGUE,"2015-12-01 00:00:00"
"Kaboom Sports & Social Club",1887,"Sunday Funday 4x4 Beach Volleyball - Winter 2015",73463,LEAGUE,"2015-11-19 00:00:00"
"LEAGUE & TOURNAMENT REGISTRATION",4257,"Winter 2016 1st Division (Saturday Afternooons)",74335,LEAGUE,"2015-11-23 00:00:00"
"LEAGUE & TOURNAMENT REGISTRATION",4257,"Winter 2016 2nd Division (Sunday Afternooons)",74333,LEAGUE,"2015-11-23 00:00:00"
"LEAGUE & TOURNAMENT REGISTRATION",4257,"Winter 2016 Speedball 4-on-4 (Sunday Afternooons)",74336,LEAGUE,"2015-11-23 00:00:00"
"Liberty Bell Classic",4830,"2016 Liberty Bell Classic - Open and Women's",73585,TOURNAMENT,"2015-11-20 00:00:00"
"Liberty Bell Classic",4830,"2016 Liberty Bell Classic - Open Master's Division",74897,TOURNAMENT,"2015-11-20 00:00:00"
"Mandarin Sports Association",5707,"05U T-Ball Baseball",74131,LEAGUE,"2015-11-23 00:00:00"
"Mandarin Sports Association",5707,"06U T-Ball Baseball",74132,LEAGUE,"2015-11-23 00:00:00"
"Mandarin Sports Association",5707,"08U Rookie Baseball",74133,LEAGUE,"2015-11-23 00:00:00"
"Mandarin Sports Association",5707,"10U Major Minors Baseball",74134,LEAGUE,"2015-11-23 00:00:00"
"Mandarin Sports Association",5707,"12U Little Majors Baseball",74135,LEAGUE,"2015-11-23 00:00:00"
"Mandarin Sports Association",5707,"12U Little Majors Baseball",74136,LEAGUE,"2015-11-23 00:00:00"
"Mandarin Sports Association",5707,"15U Juniors Baseball",74138,LEAGUE,"2015-11-23 00:00:00"
"Mandarin Sports Association",5707,"18U Senior Baseball",74139,LEAGUE,"2015-11-23 00:00:00"
"Mandarin Sports Association",5707,"Girls 06U T-Ball Softball",74140,LEAGUE,"2015-11-23 00:00:00"
"Mandarin Sports Association",5707,"Girls 08U Softball",74141,LEAGUE,"2015-11-23 00:00:00"
"Mandarin Sports Association",5707,"Girls 10U Softball",74142,LEAGUE,"2015-11-23 00:00:00"
"Mandarin Sports Association",5707,"Girls 12U Softball",74143,LEAGUE,"2015-11-23 00:00:00"
"Mandarin Sports Association",5707,"Girls 14/16/18U Softball",74144,LEAGUE,"2015-11-23 00:00:00"
"Maryland State Soccer Association",1727,"2016 USASA Tournament Player Registration - Maryland",74618,EVENT,"2015-12-01 00:00:00"
"McAllister Park Little League",5890,"9AA Minors Baseball",74500,LEAGUE,"2015-12-01 00:00:00"
"McAllister Park Little League",5890,"Coach's Pitch and Tball ",74498,LEAGUE,"2015-12-01 00:00:00"
"McAllister Park Little League",5890,"Machine Pitch (7-8 yr olds)",74499,LEAGUE,"2015-12-01 00:00:00"
"Metrolina Adult Soccer League",2328,"End of Season Captain's Meeting",74424,EVENT,"2015-11-28 00:00:00"
"Montrose Softball League Association",2688,"2016 Lone Star Classic",69963,TOURNAMENT,"2015-12-01 00:00:00"
"Mustang Starz Lacrosse",8087,"StangBall New Year's Eve",73544,EVENT,"2015-11-19 00:00:00"
"Newton Roller Hockey",5250,"Mites Spring 2016",73654,LEAGUE,"2015-11-20 00:00:00"
"Newton Roller Hockey",5250,"Newton Roller Hockey Spring 2016",73655,LEAGUE,"2015-11-20 00:00:00"
"Niagara Sport & Social Club",4790,"The Big Bounce - Men's Tournament",74900,TOURNAMENT,"2015-12-01 00:00:00"
"NJ Play Sports",3714,"2015 Fall Sub",74396,LEAGUE,"2015-11-26 00:00:00"
"NJ Play Sports",3714,"2015 Fall Sub",72307,LEAGUE,"2015-11-16 00:00:00"
"NLA Sports Inc.",1179,"4th  Annual Holiday Classic Coed Volleyball Tournament",74557,TOURNAMENT,"2015-11-30 00:00:00"
"NLA Sports Inc.",1179,"Bowling Open 4v4 Costa Mesa Tuesday Winter 2016",74412,LEAGUE,"2015-11-27 00:00:00"
"NLA Sports Inc.",1179,"Soccer Indoor Coed 5v5 Garden Grove Thursdays Winter 2016",74413,LEAGUE,"2015-11-27 00:00:00"
"NLA Sports Inc.",1179,"Soccer Indoor Coed 5v5 Irvine Wednesdays Winter 2016",73872,LEAGUE,"2015-11-23 00:00:00"
"NLA Sports Inc.",1179,"Soccer Indoor Mens 5v5 Irvine Saturdays Winter 2016",73873,LEAGUE,"2015-11-23 00:00:00"
"NLA Sports Inc.",1179,"Softball Coed Garden Grove Sundays Winter 2016",73874,LEAGUE,"2015-11-23 00:00:00"
"NLA Sports Inc.",1179,"Volleyball Coed 6v6 Costa Mesa Wednesday 2016 Winter",74368,LEAGUE,"2015-11-25 00:00:00"
"NLA Sports Inc.",1179,"Volleyball Womens 6v6 Costa Mesa Tuesday 2016 Winter",74369,LEAGUE,"2015-11-25 00:00:00"
"NoPro Sports",2088,"2016 Winter Basketball ",72783,LEAGUE,"2015-12-02 00:00:00"
"Off Limit Sports",2415,"(3) Dodgeball (Court) - Bonnie & Clyde Pairs - Dec 4th",73383,TOURNAMENT,"2015-11-18 00:00:00"
"Off Limit Sports",2415,"Pick-Up Coed 6's Volleyball (Fri. Nov 27, 2015)",74347,CAMP,"2015-11-25 00:00:00"
"Off Limit Sports",2415,"Pick-Up Coed 6's Volleyball (Sun. Dec 13th, 2015)",74351,CAMP,"2015-11-25 00:00:00"
"Off Limit Sports",2415,"Pick-Up Coed 6's Volleyball (Sun. Dec 6th, 2015)",74350,CAMP,"2015-11-25 00:00:00"
"Off Limit Sports",2415,"Volleyball (Court) - Bonnie & Clyde Pairs - Dec 11th",74394,TOURNAMENT,"2015-11-26 00:00:00"
"Olean Sports and Social Club",3236,"3rd Annual Bar Crawl / Scavenger Hunt",44793,EVENT,"2015-12-01 00:00:00"
"Olean Sports and Social Club",3236,"3rd Annual Bar Crawl / Scavenger Hunt",74617,EVENT,"2015-12-01 00:00:00"
"Panama City Adult Soccer",5130,"2015 Winter 7v7",73283,LEAGUE,"2015-11-18 00:00:00"
"Play Big Apple ",5862,"Fall 2015 NYC Bocce City Championship",72452,TOURNAMENT,"2015-11-19 00:00:00"
"Play Big Apple ",5862,"Fall 2015 Skeeball City Championship",72449,TOURNAMENT,"2015-11-20 00:00:00"
"Play Big Apple ",5862,"Skeeball National Championship 2016 (Non-Qualifier)",74244,TOURNAMENT,"2015-12-01 00:00:00"
"Play Big Apple ",5862,"Skeeball National Championship 2016 (Qualifier)",74223,TOURNAMENT,"2015-12-01 00:00:00"
"Predators Lacrosse",9026,"Predators Summer Lacrosse Camp 2016",74326,CAMP,"2015-11-25 00:00:00"
"Primal Soccer",4045,"'16 Winter Co-Ed A Soccer League - Primal Irvine Facility",73869,LEAGUE,"2015-11-23 00:00:00"
"Primal Soccer",4045,"'16 Winter Co-Ed B Soccer League - Primal Irvine Faciity",73867,LEAGUE,"2015-11-23 00:00:00"
"Primal Soccer",4045,"'16 Winter Men's A Soccer League - Primal Irvine Facility",73870,LEAGUE,"2015-11-23 00:00:00"
"Primal Soccer",4045,"'16 Winter Men's B Soccer League - Primal Irvine Facility",73868,LEAGUE,"2015-11-23 00:00:00"
"R3 Athletics",8566,"Coaches Seminar ",74607,EVENT,"2015-12-01 00:00:00"
"R3 Athletics",8566,"Men's Lacrosse League",64527,LEAGUE,"2015-11-17 00:00:00"
"R3 Athletics",8566,"Midland Lacrosse Camp",74506,CAMP,"2015-11-30 00:00:00"
"Regina Ultimate Flying Disc Club",2923,"Friday - Winter Hat League 2016",73963,LEAGUE,"2015-11-27 00:00:00"
"Regina Ultimate Flying Disc Club",2923,"Monday - Winter Hat League 2016",71664,LEAGUE,"2015-11-27 00:00:00"
"Regina Ultimate Flying Disc Club",2923,"Monday - Winter Hat League 2016 - Waiting list",74764,LEAGUE,"2015-11-27 00:00:00"
"Regina Ultimate Flying Disc Club",2923,"Thursday - Winter Hat League 2016",73960,LEAGUE,"2015-11-27 00:00:00"
"Regina Ultimate Flying Disc Club",2923,"Thursday - Winter Hat League 2016",73943,LEAGUE,"2015-11-27 00:00:00"
"Rose Tree Media Optimist Sports",7468,"Spring 2015 Boys 8th Grade Lacrosse Team",74418,CLUBTEAM,"2015-12-03 00:00:00"
"Sand Sports Beach Volleyball",3688,"Big Earl's Greasy Eats - Recreational 4s Co-Ed Sand Volleyball",74887,LEAGUE,"2015-12-03 00:00:00"
"Sand Sports Beach Volleyball",3688,"Kiwanis - Ruben Romero Courts - 2s King/Queen of the Beach Sand Volleyball",74392,LEAGUE,"2015-11-27 00:00:00"
"SixFifty Lacrosse",4846,"Costa Rica Service Trip | PreRegistration | June 22-30, 2016",74568,EVENT,"2015-12-01 00:00:00"
"Slam City Management",9234,"3rd Grade Boys",74196,TOURNAMENT,"2015-11-20 00:00:00"
"Slam City Management",9234,"3rd Grade Boys",73700,TOURNAMENT,"2015-11-20 00:00:00"
"Slam City Management",9234,"3rd Grade Girls",73722,TOURNAMENT,"2015-11-20 00:00:00"
"Slam City Management",9234,"3rd Grade Girls",74197,TOURNAMENT,"2015-11-20 00:00:00"
"Slam City Management",9234,"4th Grade Boys",73784,TOURNAMENT,"2015-11-20 00:00:00"
"Slam City Management",9234,"4th Grade Boys",74198,TOURNAMENT,"2015-11-20 00:00:00"
"Slam City Management",9234,"4th Grade Girls",74199,TOURNAMENT,"2015-11-20 00:00:00"
"Slam City Management",9234,"4th Grade Girls",73785,TOURNAMENT,"2015-11-20 00:00:00"
"Slam City Management",9234,"5th Grade Boys",73787,TOURNAMENT,"2015-11-20 00:00:00"
"Slam City Management",9234,"5th Grade Boys",74200,TOURNAMENT,"2015-11-20 00:00:00"
"Slam City Management",9234,"5th Grade Girls",73788,TOURNAMENT,"2015-11-20 00:00:00"
"Slam City Management",9234,"5th Grade Girls",74201,TOURNAMENT,"2015-11-20 00:00:00"
"Slam City Management",9234,"6th Grade Boys",74202,TOURNAMENT,"2015-11-20 00:00:00"
"Slam City Management",9234,"6th Grade Boys",73789,TOURNAMENT,"2015-11-20 00:00:00"
"Slam City Management",9234,"6th Grade Girls",73790,TOURNAMENT,"2015-11-20 00:00:00"
"Slam City Management",9234,"6th Grade Girls",74203,TOURNAMENT,"2015-11-20 00:00:00"
"Slam City Management",9234,"7th Grade Boys",73791,TOURNAMENT,"2015-11-20 00:00:00"
"Slam City Management",9234,"7th Grade Boys",74204,TOURNAMENT,"2015-11-20 00:00:00"
"Slam City Management",9234,"7th Grade Girls",74205,TOURNAMENT,"2015-11-20 00:00:00"
"Slam City Management",9234,"7th Grade Girls",73792,TOURNAMENT,"2015-11-20 00:00:00"
"Slam City Management",9234,"8th Grade Boys",73793,TOURNAMENT,"2015-11-20 00:00:00"
"Slam City Management",9234,"8th Grade Boys",74206,TOURNAMENT,"2015-11-20 00:00:00"
"Slam City Management",9234,"8th Grade Girls",73794,TOURNAMENT,"2015-11-20 00:00:00"
"Slam City Management",9234,"8th Grade Girls",74207,TOURNAMENT,"2015-11-20 00:00:00"
"Slam City Management",9234,"9th Grade Boys",74208,TOURNAMENT,"2015-11-20 00:00:00"
"Slam City Management",9234,"9th Grade Boys",73795,TOURNAMENT,"2015-11-20 00:00:00"
"Slam City Management",9234,"9th Grade Girls",73796,TOURNAMENT,"2015-11-20 00:00:00"
"Slam City Management",9234,"9th Grade Girls",74209,TOURNAMENT,"2015-11-20 00:00:00"
"Slam City Management",9234,"Slam City ""Spring Break Basketball Camp"" March 21-25, 2016",74619,CAMP,"2015-12-01 00:00:00"
"So Cal Bombers",9184,"Bombers Baseball Club - Payment $156",74402,CLUBTEAM,"2015-11-26 00:00:00"
"So Cal Bombers",9184,"Bombers Baseball Club - Payment $468",74403,CLUBTEAM,"2015-11-26 00:00:00"
"So Cal Bombers",9184,"UCSB Showcase",74404,CLUBTEAM,"2015-11-26 00:00:00"
"Sonoma Lacrosse",6520,"Sonoma State Prospect Camp",43267,CAMP,"2015-11-30 00:00:00"
"Sonoma Lacrosse",6520,"Sonoma State University Prospect Camp",66259,CAMP,"2015-11-27 00:00:00"
"South Florida Flag Football League",6106,"Florida Sunshine Cup VI",73316,TOURNAMENT,"2015-11-16 00:00:00"
"Tampa Affiliate League",8385,"Tampa Affiliate League Winter 2016 - Open Division",73725,LEAGUE,"2015-11-21 00:00:00"
"The Herkimer Pub & Brewery",3319,"Winter Shuffleboard 2016 (Monday)",74734,LEAGUE,"2015-12-07 00:00:00"
"THE WESTERN SPORTS MALL",3353,"2015 - WINTER - Girls U-9",68473,LEAGUE,"2015-11-30 00:00:00"
"THE WESTERN SPORTS MALL",3353,"2015/16 WINTER Co-ed Open Bronze ",73161,LEAGUE,"2015-11-16 00:00:00"
"THE WESTERN SPORTS MALL",3353,"2015/16 WINTER Co-ed Open Copper ",73162,LEAGUE,"2015-11-16 00:00:00"
"THE WESTERN SPORTS MALL",3353,"2015/16 WINTER Co-ed Open Gold",73165,LEAGUE,"2015-11-16 00:00:00"
"THE WESTERN SPORTS MALL",3353,"2015/16 WINTER Co-ed Open Silver ",73163,LEAGUE,"2015-11-16 00:00:00"
"THE WESTERN SPORTS MALL",3353,"2016 Winter  - CO-ED 30+ ",73953,LEAGUE,"2015-11-23 00:00:00"
"THE WESTERN SPORTS MALL",3353,"2016 Winter - CO-ED High School 11/12",73891,LEAGUE,"2015-11-23 00:00:00"
"THE WESTERN SPORTS MALL",3353,"2016 Winter - CO-ED High School 9/10",73895,LEAGUE,"2015-11-23 00:00:00"
"THE WESTERN SPORTS MALL",3353,"2016 Winter - Men's Open Monday ",73358,LEAGUE,"2015-11-18 00:00:00"
"THE WESTERN SPORTS MALL",3353,"2016 Winter - Men's Open Wednesday",73346,LEAGUE,"2015-11-18 00:00:00"
"THE WESTERN SPORTS MALL",3353,"Winter  - 2016 Little Dribbler Soccer - Wednesday",71047,LEAGUE,"2015-12-02 00:00:00"
"THE WESTERN SPORTS MALL",3353,"Winter - 2016 Lollipop  Soccer - Wednesday",74781,LEAGUE,"2015-12-02 00:00:00"
"Vancouver Minor Baseball",6634,"Mosquito Fall Tournament - Unwin Park (Newton)",74174,TOURNAMENT,"2015-11-23 00:00:00"
"Volitude Sport & Adventure Club",2566,"2nd Annual Copa Navidad Holiday Classic Beach Soccer Tournament",74137,TOURNAMENT,"2015-11-24 00:00:00"
"Volitude Sport & Adventure Club",2566,"Free Play",74605,EVENT,"2015-11-30 00:00:00"
"Weymouth JBL",2396,"3 v 3 Test",74390,TOURNAMENT,"2015-11-23 00:00:00"
"Wilmington Cornhole Association",5591,"Thursday Winter Cornhole Blind Draw/Singles at Minquas ",74319,LEAGUE,"2015-11-24 00:00:00"
"Wilmington Cornhole Association",5591,"Thursday Winter Cornhole League at Minquas (Doubles/Teams) ",74320,LEAGUE,"2015-11-24 00:00:00"
"Wolfpack Lacrosse Club",7634,"Lynchburg 7v7",74191,CLUBTEAM,"2015-11-24 00:00:00"
www.directkix.com,1567,"Calabasas Wednesday League - Winter 2015 - 16",73845,LEAGUE,"2015-11-20 00:00:00"
